/* INSERCAO DE DADOS */

/* Clientes */
INSERT INTO cliente VALUES('45199951831', 'Lucas Toniello', 'M');
INSERT INTO cliente VALUES('44182927800', 'Bruno Baradel', 'C');
INSERT INTO cliente VALUES('47499054888', 'Pablo Ferreira', 'C');
INSERT INTO cliente VALUES('45484361893', 'Vanderlei Andrade', 'M');
INSERT INTO cliente VALUES('76755307807', 'Vinicius Crepschi', 'C');
INSERT INTO cliente VALUES('34930660823', 'Bruno Peres', 'C');
INSERT INTO cliente VALUES('85524751891', 'Gabriel Peres de Andrade', 'M');
INSERT INTO cliente VALUES('98410641895', 'Leonardo Melo', 'C');
INSERT INTO cliente VALUES('73859116843', 'Rodrigo Kinchoku', 'C');
INSERT INTO cliente VALUES('68277044836', 'Guilherme Cosimato', 'M');
INSERT INTO cliente VALUES('36152947855', 'Pedro de Souza', 'M');
INSERT INTO cliente VALUES('30654318824', 'Ricardo Mendes', 'C');
INSERT INTO cliente VALUES('03509757874', 'Vinicius Salinas', 'C');
INSERT INTO cliente VALUES('66756799886', 'Guilherme Gonçalves', 'C');
INSERT INTO cliente VALUES('05694231805', 'Henrique Shinki', 'M');
INSERT INTO cliente VALUES('40028922114', 'Arthur Miranda', 'M');

/* Telefones */
INSERT INTO telefone VALUES('16997121580', '45199951831');
INSERT INTO telefone VALUES('15981646757', '44182927800');
INSERT INTO telefone VALUES('11954263132', '47499054888');
INSERT INTO telefone VALUES('11948317237', '45484361893');
INSERT INTO telefone VALUES('19999986064', '76755307807');
INSERT INTO telefone VALUES('15997769345', '34930660823');
INSERT INTO telefone VALUES('11996234597', '85524751891');
INSERT INTO telefone VALUES('19993807942', '98410641895');
INSERT INTO telefone VALUES('11973104437', '73859116843');
INSERT INTO telefone VALUES('19996851067', '68277044836');
INSERT INTO telefone VALUES('16991310978', '36152947855');
INSERT INTO telefone VALUES('15997471294', '30654318824');
INSERT INTO telefone VALUES('15988058856', '03509757874');
INSERT INTO telefone VALUES('16997052636', '66756799886');
INSERT INTO telefone VALUES('11982133308', '05694231805');
INSERT INTO telefone VALUES('11971696565', '40028922114');

/* Funcionarios */
INSERT INTO funcionario VALUES('natham_coracini', '12345678', 'Natham Coracini');
INSERT INTO funcionario VALUES('giovanni_alvarenga', '102018023', 'Giovanni Alvarenga');
INSERT INTO funcionario VALUES('bruno_rizzi', 'EDSHEERAN', 'Bruno Rizzi');

/* Vagas */
INSERT INTO vaga VALUES('A01', 'C');
INSERT INTO vaga VALUES('A02', 'C');
INSERT INTO vaga VALUES('A03', 'C');
INSERT INTO vaga VALUES('A04', 'C');
INSERT INTO vaga VALUES('A05', 'C');
INSERT INTO vaga VALUES('A06', 'C');
INSERT INTO vaga VALUES('A07', 'C');
INSERT INTO vaga VALUES('A08', 'C');
INSERT INTO vaga VALUES('A09', 'C');
INSERT INTO vaga VALUES('A10', 'C');
INSERT INTO vaga VALUES('B01', 'C');
INSERT INTO vaga VALUES('B02', 'C');
INSERT INTO vaga VALUES('B03', 'C');
INSERT INTO vaga VALUES('B04', 'C');
INSERT INTO vaga VALUES('B05', 'C');
INSERT INTO vaga VALUES('B06', 'C');
INSERT INTO vaga VALUES('B07', 'C');
INSERT INTO vaga VALUES('B08', 'C');
INSERT INTO vaga VALUES('B09', 'C');
INSERT INTO vaga VALUES('B10', 'C');
INSERT INTO vaga VALUES('C01', 'M');
INSERT INTO vaga VALUES('C02', 'M');
INSERT INTO vaga VALUES('C03', 'M');
INSERT INTO vaga VALUES('C04', 'M');
INSERT INTO vaga VALUES('C05', 'M');
INSERT INTO vaga VALUES('C06', 'M');
INSERT INTO vaga VALUES('C07', 'M');
INSERT INTO vaga VALUES('C08', 'M');
INSERT INTO vaga VALUES('C09', 'M');
INSERT INTO vaga VALUES('C10', 'M');

/* Veiculos */
INSERT INTO veiculo VALUES('HOX4125', 'Carro', 'Volkswagen', 'Preto', 'Saveiro', '45199951831');
INSERT INTO veiculo VALUES('MZY2303', 'Carro', 'Volkswagen', 'Branco', 'Gol', '05694231805');
INSERT INTO veiculo VALUES('ISL6221', 'Carro', 'Volkswagen', 'Vermelho', 'Fox', '47499054888');
INSERT INTO veiculo VALUES('BBW2041', 'Carro', 'Chevrolet', 'Laranja', 'Onix', '45484361893');
INSERT INTO veiculo VALUES('MZO8264', 'Carro', 'Chevrolet', 'Preto', 'Celta', '76755307807');
INSERT INTO veiculo VALUES('JZC8714', 'Carro', 'Chevrolet', 'Cinza', 'Corsa', '34930660823');
INSERT INTO veiculo VALUES('MWM5627', 'Carro', 'Fiat', 'Branco', 'Uno', '85524751891');
INSERT INTO veiculo VALUES('NCL7330', 'Carro', 'Fiat', 'Branco', 'Siena', '98410641895');
INSERT INTO veiculo VALUES('MXM7506', 'Carro', 'Fiat', 'Branco', 'Strada', '73859116843');
INSERT INTO veiculo VALUES('HSC8089', 'Carro', 'Ford', 'Branco', 'Focus', '68277044836');
INSERT INTO veiculo VALUES('KAP9117', 'Carro', 'Ford', 'Branco', 'Fiesta', '36152947855');
INSERT INTO veiculo VALUES('MUT2129', 'Carro', 'Ford', 'Branco', 'Ecosport', '30654318824');
INSERT INTO veiculo VALUES('LVV1600', 'Carro', 'Renault', 'Branco', 'Sandero', '03509757874');
INSERT INTO veiculo VALUES('HGT8003', 'Carro', 'Renault', 'Branco', 'Duster', '66756799886');
INSERT INTO veiculo VALUES('LAR3218', 'Carro', 'Hyundai', 'Branco', 'HB20', '44182927800');
INSERT INTO veiculo VALUES('MUU1157', 'Carro', 'Hyundai', 'Branco', 'I30', '40028922114');
INSERT INTO veiculo VALUES('JVX9872', 'Carro', 'Toyota', 'Branco', 'Hilux', '98410641895');
INSERT INTO veiculo VALUES('HQG1767', 'Carro', 'Toyota', 'Branco', 'Etios', '40028922114');
INSERT INTO veiculo VALUES('MWF3642', 'Carro', 'Renault', 'Branco', 'Logan', '45199951831');
INSERT INTO veiculo VALUES('LWU5887', 'Carro', 'Honda', 'Branco', 'Fit', '45484361893');
INSERT INTO veiculo VALUES('JYM7466', 'Moto', 'Honda', 'Azul', 'Biz 125', '85524751891');
INSERT INTO veiculo VALUES('HYE3864', 'Moto', 'Yamaha', 'Preto', 'Factor 150 UBS', '68277044836');
INSERT INTO veiculo VALUES('LYV9114', 'Moto', 'Yamaha', 'Branco', 'Fazer 150 UBS', '36152947855');
INSERT INTO veiculo VALUES('LVI7692', 'Moto', 'Kawasaki', 'Verde', 'Ninja ZX-10R', '05694231805');
INSERT INTO veiculo VALUES('HWA2435', 'Moto', 'Suzuki', 'Verde', 'GSX 1300R Hayabusa', '73859116843');

/* Cadastros e Permanencias (Momento de entrada de veiculos no estacionamento) */
INSERT INTO cadastra VALUES('2018-01-31 11:51:01', 'HOX4125', 'natham_coracini');
INSERT INTO permanencia(codigo_vaga, placa_veiculo, login_funcionario) VALUES('C01', 'HOX4125', 'natham_coracini');
INSERT INTO cadastra VALUES('2018-02-01 12:42:12', 'MZY2303', 'natham_coracini');
INSERT INTO permanencia(codigo_vaga, placa_veiculo, login_funcionario) VALUES('C04', 'MZY2303', 'natham_coracini');
INSERT INTO cadastra VALUES('2018-02-02 13:33:23', 'ISL6221', 'natham_coracini');
INSERT INTO permanencia(codigo_vaga, placa_veiculo, login_funcionario) VALUES('A01', 'ISL6221', 'natham_coracini');
INSERT INTO cadastra VALUES('2018-02-03 14:24:34', 'BBW2041', 'natham_coracini');
INSERT INTO permanencia(codigo_vaga, placa_veiculo, login_funcionario) VALUES('C02', 'BBW2041', 'natham_coracini');
INSERT INTO cadastra VALUES('2018-02-04 15:15:45', 'MZO8264', 'natham_coracini');
INSERT INTO permanencia(codigo_vaga, placa_veiculo, login_funcionario) VALUES('A02', 'MZO8264', 'natham_coracini');
INSERT INTO cadastra VALUES('2018-02-05 16:16:56', 'JZC8714', 'natham_coracini');
INSERT INTO permanencia(codigo_vaga, placa_veiculo, login_funcionario) VALUES('A03', 'JZC8714', 'natham_coracini');
INSERT INTO cadastra VALUES('2018-02-06 17:27:07', 'MWM5627', 'natham_coracini');
INSERT INTO permanencia(codigo_vaga, placa_veiculo, login_funcionario) VALUES('C03', 'MWM5627', 'natham_coracini');
INSERT INTO cadastra VALUES('2018-02-07 18:38:18', 'NCL7330', 'natham_coracini');
INSERT INTO permanencia(codigo_vaga, placa_veiculo, login_funcionario) VALUES('A04', 'NCL7330', 'natham_coracini');
INSERT INTO cadastra VALUES('2018-02-08 19:49:29', 'MXM7506', 'natham_coracini');
INSERT INTO permanencia(codigo_vaga, placa_veiculo, login_funcionario) VALUES('A05', 'MXM7506', 'natham_coracini');
INSERT INTO cadastra VALUES('2018-02-10 08:52:41', 'KAP9117', 'giovanni_alvarenga');
INSERT INTO permanencia(codigo_vaga, placa_veiculo, login_funcionario) VALUES('C07', 'KAP9117', 'giovanni_alvarenga');
INSERT INTO cadastra VALUES('2018-02-11 09:43:52', 'MUT2129', 'giovanni_alvarenga');
INSERT INTO permanencia(codigo_vaga, placa_veiculo, login_funcionario) VALUES('A06', 'MUT2129', 'giovanni_alvarenga');
INSERT INTO cadastra VALUES('2018-02-12 10:34:03', 'LVV1600', 'giovanni_alvarenga');
INSERT INTO permanencia(codigo_vaga, placa_veiculo, login_funcionario) VALUES('A07', 'LVV1600', 'giovanni_alvarenga');
INSERT INTO cadastra VALUES('2018-02-13 11:25:14', 'HGT8003', 'giovanni_alvarenga');
INSERT INTO permanencia(codigo_vaga, placa_veiculo, login_funcionario) VALUES('A08', 'HGT8003', 'giovanni_alvarenga');
INSERT INTO cadastra VALUES('2018-02-14 12:16:25', 'LAR3218', 'giovanni_alvarenga');
INSERT INTO permanencia(codigo_vaga, placa_veiculo, login_funcionario) VALUES('B01', 'LAR3218', 'giovanni_alvarenga');
INSERT INTO cadastra VALUES('2018-02-16 14:28:47', 'JVX9872', 'giovanni_alvarenga');
INSERT INTO permanencia(codigo_vaga, placa_veiculo, login_funcionario) VALUES('B02', 'JVX9872', 'giovanni_alvarenga');
INSERT INTO cadastra VALUES('2018-02-19 17:52:11', 'LWU5887', 'bruno_rizzi');
INSERT INTO permanencia(codigo_vaga, placa_veiculo, login_funcionario) VALUES('C09', 'LWU5887', 'bruno_rizzi');
INSERT INTO cadastra VALUES('2018-02-20 18:53:22', 'JYM7466', 'bruno_rizzi');
INSERT INTO permanencia(codigo_vaga, placa_veiculo, login_funcionario) VALUES('C06', 'JYM7466', 'bruno_rizzi');
INSERT INTO cadastra VALUES('2018-02-21 19:44:33', 'HYE3864', 'bruno_rizzi');
INSERT INTO permanencia(codigo_vaga, placa_veiculo, login_funcionario) VALUES('C05', 'HYE3864', 'bruno_rizzi');
INSERT INTO cadastra VALUES('2018-02-22 20:35:44', 'LYV9114', 'bruno_rizzi');
INSERT INTO permanencia(codigo_vaga, placa_veiculo, login_funcionario) VALUES('C10', 'LYV9114', 'bruno_rizzi');
INSERT INTO cadastra VALUES('2018-02-23 11:26:55', 'LVI7692', 'bruno_rizzi');
INSERT INTO permanencia(codigo_vaga, placa_veiculo, login_funcionario) VALUES('C08', 'LVI7692', 'bruno_rizzi');
INSERT INTO cadastra VALUES('2018-02-24 12:17:06', 'HWA2435', 'bruno_rizzi');
INSERT INTO permanencia(codigo_vaga, placa_veiculo, login_funcionario) VALUES('B03', 'HWA2435', 'bruno_rizzi');

/* Atualização das permanencias (momento de saida de veiculos do estacionamento) */
UPDATE permanencia SET dataHora_saida = '2018-01-31 13:17:01' WHERE placa_veiculo = 'HOX4125';
UPDATE permanencia SET dataHora_saida = '2018-02-01 15:12:12' WHERE placa_veiculo = 'MZY2303';
UPDATE permanencia SET dataHora_saida = '2018-02-02 23:31:23' WHERE placa_veiculo = 'ISL6221';
UPDATE permanencia SET dataHora_saida = '2018-02-04 14:30:34' WHERE placa_veiculo = 'BBW2041';
UPDATE permanencia SET dataHora_saida = '2018-02-04 16:00:45' WHERE placa_veiculo = 'MZO8264';
UPDATE permanencia SET dataHora_saida = '2018-02-05 18:49:56' WHERE placa_veiculo = 'JZC8714';
UPDATE permanencia SET dataHora_saida = '2018-02-06 01:00:07' WHERE placa_veiculo = 'MWM5627';
UPDATE permanencia SET dataHora_saida = '2018-02-07 07:10:18' WHERE placa_veiculo = 'NCL7330';
UPDATE permanencia SET dataHora_saida = '2018-02-08 23:09:29' WHERE placa_veiculo = 'MXM7506';
UPDATE permanencia SET dataHora_saida = '2018-02-10 12:52:42' WHERE placa_veiculo = 'KAP9117';
UPDATE permanencia SET dataHora_saida = '2018-02-11 21:12:52' WHERE placa_veiculo = 'MUT2129';
UPDATE permanencia SET dataHora_saida = '2018-02-12 14:28:03' WHERE placa_veiculo = 'LVV1600';
UPDATE permanencia SET dataHora_saida = '2018-02-13 15:28:14' WHERE placa_veiculo = 'HGT8003';
UPDATE permanencia SET dataHora_saida = '2018-02-14 03:30:25' WHERE placa_veiculo = 'LAR3218';
UPDATE permanencia SET dataHora_saida = '2018-02-16 22:28:47' WHERE placa_veiculo = 'JVX9872';
UPDATE permanencia SET dataHora_saida = '2018-02-19 19:30:11' WHERE placa_veiculo = 'LWU5887';
UPDATE permanencia SET dataHora_saida = '2018-02-20 00:23:22' WHERE placa_veiculo = 'JYM7466';
UPDATE permanencia SET dataHora_saida = '2018-02-21 05:15:33' WHERE placa_veiculo = 'HYE3864';
UPDATE permanencia SET dataHora_saida = '2018-02-22 00:10:44' WHERE placa_veiculo = 'LYV9114';
UPDATE permanencia SET dataHora_saida = '2018-02-23 16:45:55' WHERE placa_veiculo = 'LVI7692';
UPDATE permanencia SET dataHora_saida = '2018-02-24 17:30:06' WHERE placa_veiculo = 'HWA2435';

/* entrada de alguns veiculos que nao sairam (veiculos estacionados no momento) */
INSERT INTO cadastra VALUES('2018-02-15 13:17:36', 'MUU1157', 'giovanni_alvarenga');
INSERT INTO permanencia(codigo_vaga, placa_veiculo, login_funcionario) VALUES('C01', 'MUU1157', 'giovanni_alvarenga');
INSERT INTO cadastra VALUES('2018-02-18 16:41:09', 'MWF3642', 'bruno_rizzi');
INSERT INTO permanencia(codigo_vaga, placa_veiculo, login_funcionario) VALUES('C02', 'MWF3642', 'bruno_rizzi');
INSERT INTO cadastra VALUES('2018-02-17 15:39:58', 'HQG1767', 'bruno_rizzi');
INSERT INTO permanencia(codigo_vaga, placa_veiculo, login_funcionario) VALUES('C03', 'HQG1767', 'bruno_rizzi');
INSERT INTO cadastra VALUES('2018-02-09 07:51:30', 'HSC8089', 'giovanni_alvarenga');
INSERT INTO permanencia(codigo_vaga, placa_veiculo, login_funcionario) VALUES('C04', 'HSC8089', 'giovanni_alvarenga');


/* precos */
















