/* INSERCAO DE DADOS */

/* Clientes */
INSERT INTO cliente VALUES('45199951831', 'Lucas Toniello', 'M');
INSERT INTO cliente VALUES('44182927800', 'Bruno Baradel', 'C');
INSERT INTO cliente VALUES('47499054888', 'Pablo Ferreira', 'C');
INSERT INTO cliente VALUES('45484361893', 'Vanderlei Andrade', 'M');
INSERT INTO cliente VALUES('76755307807', 'Vinicius Crepschi', 'C');
INSERT INTO cliente VALUES('34930660823', 'Bruno Peres', 'C');
INSERT INTO cliente VALUES('85524751891', 'Gabriel Peres de Andrade', 'M');
INSERT INTO cliente VALUES('98410641895', 'Leonardo Melo', 'C');
INSERT INTO cliente VALUES('73859116843', 'Rodrigo Kinchoku', 'C');
INSERT INTO cliente VALUES('68277044836', 'Guilherme Cosimato', 'M');
INSERT INTO cliente VALUES('36152947855', 'Pedro de Souza', 'M');
INSERT INTO cliente VALUES('30654318824', 'Ricardo Mendes', 'C');
INSERT INTO cliente VALUES('03509757874', 'Vinicius Salinas', 'C');
INSERT INTO cliente VALUES('66756799886', 'Guilherme Gonçalves', 'C');
INSERT INTO cliente VALUES('05694231805', 'Henrique Shinki', 'M');
INSERT INTO cliente VALUES('40028922114', 'Arthur Miranda', 'M');

/* Telefones */
INSERT INTO telefone VALUES('16997121580', '45199951831');
INSERT INTO telefone VALUES('15981646757', '44182927800');
INSERT INTO telefone VALUES('11954263132', '47499054888');
INSERT INTO telefone VALUES('11948317237', '45484361893');
INSERT INTO telefone VALUES('19999986064', '76755307807');
INSERT INTO telefone VALUES('15997769345', '34930660823');
INSERT INTO telefone VALUES('11996234597', '85524751891');
INSERT INTO telefone VALUES('19993807942', '98410641895');
INSERT INTO telefone VALUES('11973104437', '73859116843');
INSERT INTO telefone VALUES('19996851067', '68277044836');
INSERT INTO telefone VALUES('16991310978', '36152947855');
INSERT INTO telefone VALUES('15997471294', '30654318824');
INSERT INTO telefone VALUES('15988058856', '03509757874');
INSERT INTO telefone VALUES('16997052636', '66756799886');
INSERT INTO telefone VALUES('11982133308', '05694231805');
INSERT INTO telefone VALUES('11971696565', '40028922114');

/* Funcionarios */
INSERT INTO funcionario VALUES('natham_coracini', '12345678', 'Natham Coracini');
INSERT INTO funcionario VALUES('giovanni_alvarenga', '102018023', 'Giovanni Alvarenga');
INSERT INTO funcionario VALUES('bruno_rizzi', 'EDSHEERAN', 'Bruno Rizzi');

/* Vagas */
INSERT INTO vaga VALUES('A01', 'C');
INSERT INTO vaga VALUES('A02', 'C');
INSERT INTO vaga VALUES('A03', 'C');
INSERT INTO vaga VALUES('A04', 'C');
INSERT INTO vaga VALUES('A05', 'C');
INSERT INTO vaga VALUES('A06', 'C');
INSERT INTO vaga VALUES('A07', 'C');
INSERT INTO vaga VALUES('A08', 'C');
INSERT INTO vaga VALUES('A09', 'C');
INSERT INTO vaga VALUES('A10', 'C');
INSERT INTO vaga VALUES('B01', 'C');
INSERT INTO vaga VALUES('B02', 'C');
INSERT INTO vaga VALUES('B03', 'C');
INSERT INTO vaga VALUES('B04', 'C');
INSERT INTO vaga VALUES('B05', 'C');
INSERT INTO vaga VALUES('B06', 'C');
INSERT INTO vaga VALUES('B07', 'C');
INSERT INTO vaga VALUES('B08', 'C');
INSERT INTO vaga VALUES('B09', 'C');
INSERT INTO vaga VALUES('B10', 'C');
INSERT INTO vaga VALUES('C01', 'M');
INSERT INTO vaga VALUES('C02', 'M');
INSERT INTO vaga VALUES('C03', 'M');
INSERT INTO vaga VALUES('C04', 'M');
INSERT INTO vaga VALUES('C05', 'M');
INSERT INTO vaga VALUES('C06', 'M');
INSERT INTO vaga VALUES('C07', 'M');
INSERT INTO vaga VALUES('C08', 'M');
INSERT INTO vaga VALUES('C09', 'M');
INSERT INTO vaga VALUES('C10', 'M');

/* Veiculos */
INSERT INTO veiculo VALUES('HOX4125', 'Carro', 'Volkswagen', 'Preto', 'Saveiro', '45199951831');
INSERT INTO veiculo VALUES('MZY2303', 'Carro', 'Volkswagen', 'Branco', 'Gol', '05694231805');
INSERT INTO veiculo VALUES('ISL6221', 'Carro', 'Volkswagen', 'Vermelho', 'Fox', '47499054888');
INSERT INTO veiculo VALUES('BBW2041', 'Carro', 'Chevrolet', 'Laranja', 'Onix', '45484361893');
INSERT INTO veiculo VALUES('MZO8264', 'Carro', 'Chevrolet', 'Preto', 'Celta', '76755307807');
INSERT INTO veiculo VALUES('JZC8714', 'Carro', 'Chevrolet', 'Cinza', 'Corsa', '34930660823');
INSERT INTO veiculo VALUES('MWM5627', 'Carro', 'Fiat', 'Branco', 'Uno', '85524751891');
INSERT INTO veiculo VALUES('NCL7330', 'Carro', 'Fiat', 'Branco', 'Siena', '98410641895');
INSERT INTO veiculo VALUES('MXM7506', 'Carro', 'Fiat', 'Branco', 'Strada', '73859116843');
INSERT INTO veiculo VALUES('HSC8089', 'Carro', 'Ford', 'Branco', 'Focus', '68277044836');
INSERT INTO veiculo VALUES('KAP9117', 'Carro', 'Ford', 'Branco', 'Fiesta', '36152947855');
INSERT INTO veiculo VALUES('MUT2129', 'Carro', 'Ford', 'Branco', 'Ecosport', '30654318824');
INSERT INTO veiculo VALUES('LVV1600', 'Carro', 'Renault', 'Branco', 'Sandero', '03509757874');
INSERT INTO veiculo VALUES('HGT8003', 'Carro', 'Renault', 'Branco', 'Duster', '66756799886');
INSERT INTO veiculo VALUES('LAR3218', 'Carro', 'Hyundai', 'Branco', 'HB20', '44182927800');
INSERT INTO veiculo VALUES('MUU1157', 'Carro', 'Hyundai', 'Branco', 'I30', '40028922114');
INSERT INTO veiculo VALUES('JVX9872', 'Carro', 'Toyota', 'Branco', 'Hilux', '98410641895');
INSERT INTO veiculo VALUES('HQG1767', 'Carro', 'Toyota', 'Branco', 'Etios', '40028922114');
INSERT INTO veiculo VALUES('MWF3642', 'Carro', 'Renault', 'Branco', 'Logan', '45199951831');
INSERT INTO veiculo VALUES('LWU5887', 'Carro', 'Honda', 'Branco', 'Fit', '45484361893');
INSERT INTO veiculo VALUES('JYM7466', 'Moto', 'Honda', 'Azul', 'Biz 125', '85524751891');
INSERT INTO veiculo VALUES('HYE3864', 'Moto', 'Yamaha', 'Preto', 'Factor 150 UBS', '68277044836');
INSERT INTO veiculo VALUES('LYV9114', 'Moto', 'Yamaha', 'Branco', 'Fazer 150 UBS', '36152947855');
INSERT INTO veiculo VALUES('LVI7692', 'Moto', 'Kawasaki', 'Verde', 'Ninja ZX-10R', '05694231805');
INSERT INTO veiculo VALUES('HWA2435', 'Moto', 'Suzuki', 'Verde', 'GSX 1300R Hayabusa', '73859116843');

/* Cadastros */
--INSERT INTO cadastra VALUES('2018-01-31 11:50:09', 'HOX4125', 'natham_coracini');






